diet,bp,age,sex,.fitted
low-protein,low,70,M,-0.17877583663421626
low-protein,low,70,F,-0.21776939807644324
low-protein,normal,70,M,-0.21124590210837074
low-protein,normal,70,F,-0.25023946355059773
very low-protein,low,70,M,-0.173162398123974
very low-protein,low,70,F,-0.21215595956620098
very low-protein,normal,70,M,-0.20563246359812848
very low-protein,normal,70,F,-0.24462602504035547
