term,estimate,std.error,statistic,p.value
(Intercept),-0.299994804003217,0.28890327378264224,-1.038391846777477,0.3007926663101485
bpnormal,-0.0324700654741545,0.04626575630351098,-0.7018163771309719,0.48390335860435507
dietvery low-protein,0.005613438510242271,0.04647050173991902,0.12079573708196535,0.9040177799180815
age,0.001174648656096768,0.004198934279862276,0.2797492358311681,0.7800631486907275
sexM,0.038993561442226994,0.04660326048967149,0.8367131619657597,0.40411195134763156
