r.squared,adj.r.squared,sigma,statistic,p.value,df,logLik,AIC,BIC,deviance,df.residual,nobs
0.008555005986304187,-0.018423089088898337,0.28485493285658386,0.31710934231852683,0.8661832134172522,4,-22.258778212949707,56.517556425899414,74.66083955097707,11.927922917591147,147,152
